"x1","x2","y"
14.7781859571114,0.801486789859725,30.3432159340408
2.95490906573832,0.185601131581375,11.0809891737852
-2.68604442477226,-0.439954700321237,2.22912158053125
-3.60502642579377,0.447022323831209,7.61175709127656
-0.125012188218534,-0.124686826497964,5.72188534577319
10.8402085164562,-0.987954996903223,17.2853779703588
1.80124705657363,0.973563539846383,8.06485264655382
14.4412500131875,0.954121898762981,28.4092506973805
-1.68289030902088,-0.993724045184485,1.60424206812973
4.18207331560552,-0.862647448460015,7.99183856190654
-1.56503846403211,-0.999983423553999,5.0539249196053
-0.370457964017987,-0.36204236640632,16.9177864467769
10.4562389152125,-0.858050200895859,30.3449885564648
-3.07396916672587,-0.0675719590010317,6.64810671300594
4.06895540188998,-0.800040516354977,10.7782444460368
-3.30598574131727,0.163653631370977,0.273117013995816
6.21331734117121,-0.069811136087853,17.3432422388298
-4.82590800151229,0.993563632267878,6.10309221302263
14.7147418139502,0.837789216651519,33.3054880294979
1.33169608190656,0.971551455798555,2.29263072062785
7.7889788383618,0.997888062080508,24.1926731828003
0.904464707709849,0.78609439996951,13.7268384046375
14.9340738775209,0.698922201137313,31.1947748637596
13.1204264052212,0.526140581667393,25.9201539964498
14.7747828811407,0.803517226855849,23.806242940575
-3.68708521127701,0.518839227120604,4.60152385120796
7.54077516961843,0.951350516254098,11.3008024238102
4.80950081720948,-0.995288350170748,19.151651973575
14.4204882578924,0.960132274590956,31.2139553494378
2.24441695027053,0.781568176830461,9.76891110170943
8.59986922238022,0.734485852986027,19.654906393012
0.274398606270552,0.270968091406297,10.750766106002
-1.2857147725299,-0.959638719876736,7.19950154925479
-1.29713556729257,-0.96278800108852,12.0019654068392
2.58593493141234,0.527502184553764,13.1045560923846
11.9404878420755,-0.585812940633133,26.3290009295148
4.96152266860008,-0.969126387066819,14.0728854991523
10.8117114705965,-0.983144795902648,20.1747152840739
11.7692774394527,-0.715327858510595,23.9194930220812
4.13807729724795,-0.839566434252048,14.5533671640014
10.98951629363,-0.999981650410864,23.7303804073907
2.63886122498661,0.481820801310309,10.6434797775333
10.1940246298909,-0.695594216872171,30.6153986721624
3.73551204334944,-0.559613521666349,20.7659133067878
13.0843544146046,0.495129432288293,31.4384556396604
1.39069827739149,0.983826134316102,10.8310529448891
-3.34861814510077,0.205549820682898,1.01457684484138
11.3257815875113,-0.945975149098983,21.8528837166186
12.9695244133472,0.392321242060964,27.2700319699492
14.3299279548228,0.981479050786056,24.7230930327079
6.46137766074389,0.177250840352659,18.5832998774752
9.40158993005753,0.0231859527925647,29.347956809651
10.4811724834144,-0.870587198871215,20.7574460928248
7.55521601065993,0.955700544469923,20.3495999594496
9.45978682953864,-0.0350017179406569,23.0104608771459
2.73662557825446,0.393988499018999,10.3503236906439
-1.74418444279581,-0.985005901661293,5.86270474127358
-1.25543433241546,-0.950684164799117,7.73721965198968
2.82498948276043,0.311340361455643,18.3468504320636
0.478024194017053,0.460025745457846,13.931229140161
-1.16164503619075,-0.917458795953379,5.77066626060796
5.08783612865955,-0.930343750764683,16.2192241894027
10.2768071368337,-0.752618079504851,34.4075051296357
8.87337741442025,0.523880716013955,19.2010226575819
5.88108376599848,-0.391353128565131,20.8511639584944
8.18174452520907,0.946764895115836,21.3627969289268
4.37456760089844,-0.943478969435094,8.96172528964902
4.63611077982932,-0.997092228343068,12.3977013056275
1.74127196893096,0.9855041851716,9.17842906555711
3.4905260335654,-0.34189565884587,13.3835374332922
0.7403026195243,0.674511355753524,15.9952989523787
7.02383064199239,0.674764330658214,21.4012998600987
11.8148465268314,-0.682753125801194,33.995703235824
7.41674095392227,0.905923520673051,27.8186962801314
-2.30896761640906,-0.739700400563185,3.38053431814444
6.35444859042764,0.0712029806596949,16.986557681283
3.86852662079036,-0.664581774953837,11.3555592676641
3.75950845424086,-0.579337614840833,13.0312363477469
7.47234465088695,0.928056201035083,22.604368254784
13.6530668381602,0.885094130347454,29.8069493836713
12.7698516659439,0.202079782510238,29.4788805215792
12.5708112213761,0.00444059242285481,26.0112290884096
-0.156461047008634,-0.155823465294747,10.2014653907232
9.82907594181597,-0.393373436028597,21.6804491953273
2.75312626734376,0.378769515327819,15.4787942948803
-3.42096522450447,0.27575260007299,10.3469962678915
-3.10328899882734,-0.0382942891208744,6.12599141852637
10.2428546221927,-0.729832335831719,29.3853267395303
1.95788051467389,0.926013684508297,9.63719417513083
3.33533417899162,-0.192531758276923,15.2673592197184
1.88032461330295,0.952477364201431,3.06900466044462
-4.83178154565394,0.99288117004005,11.2407329603333
13.2314998144284,0.617160797280731,32.7535692008457
-1.35589162819088,-0.976996722077953,9.42396980360494
9.45606898050755,-0.0312859136696617,21.9230528544416
6.43926661461592,0.155448353045774,19.5830517198747
5.80072827171534,-0.463957157445417,26.0030127707971
2.0989483082667,0.863739831647105,14.7591620563845
11.4818367641419,-0.884085667112563,26.0731699537508
-1.27726477570832,-0.957228047188341,4.25853680694863
2.92749170679599,0.212468988435518,8.47991074040597
4.72429754212499,-0.9999290939166,16.6230801155794
4.93881804402918,-0.974474278613234,14.9152931093831
2.74080838542432,0.390140581289619,13.2674540790955
7.86495107226074,0.99993983631513,21.3699238997423
1.876604934223,0.953603821467629,12.2346964067881
14.1220816643909,0.999886219370226,32.5919054628003
-4.14576516952366,0.843718073299021,2.30777027135522
10.307747926563,-0.772627793996207,26.6983000617913
-0.92459914740175,-0.79837945208289,7.78054679255942
8.6950912931934,0.666636114970015,22.2971214041122
2.92335506994277,0.216509347425052,19.2498473826132
-3.83088126778603,0.63598836773586,1.36315462454365
9.72507940139621,-0.295808170460663,24.2415172557011
7.49704910907894,0.936973011311849,21.4709743171788
7.58337282575667,0.963608329475711,23.5453641120096
6.31836317013949,0.0351706080798582,14.6812377403675
10.7864101184532,-0.978204810294585,28.7987631069779
-1.31830593105406,-0.968293283950897,5.66209947260482
11.6537688020617,-0.791097916884329,32.6046831978666
5.60876442119479,-0.624445093628948,18.9707601871493
4.46259805001318,-0.968964125188483,17.6778249961602
6.26453466247767,-0.0186495634603242,20.9762366994853
-0.575663638301194,-0.544391591040005,7.96144545238798
9.13334297947586,0.287326992256657,17.2725395548795
1.42385323997587,0.989223276731522,13.5015374367499
10.1906987838447,-0.69320097038411,16.3328592293122
-1.79467175155878,-0.975044390509828,9.98243690863192
7.50250089913607,0.938863942480721,17.3386213055117
-2.833710196428,-0.303041346880694,3.86700393845352
12.3267756169662,-0.237309212530944,28.7075792955535
10.5730650527403,-0.912062900136423,28.8302061569965
10.5819822056219,-0.915683071703882,24.5799019611171
5.1017136964947,-0.925165584066584,16.6055944746528
12.5128397392109,-0.0535053128701811,31.788750151267
8.15164724364877,0.956023745016806,22.240844583297
12.9257709346712,0.351712931651821,24.3942422353001
11.1903953831643,-0.981082319534977,22.5799652408208
10.164619856514,-0.674171148179487,28.9703475250549
11.1100042099133,-0.993460037412298,28.9566651853896
8.34714341443032,0.880840435080698,25.3162754459794
5.26582957711071,-0.850721123676706,11.889958190511
-1.43785201013088,-0.991175912377687,0.495322980844272
6.25526810530573,-0.0279135757094803,18.2965945633368
0.38168968167156,0.37248908678676,4.90292682684183
9.38030285295099,0.0444604470468614,20.8769445478326
-1.13871504552662,-0.908096156211712,3.12744394165128
13.4859949396923,0.795373972613992,29.2881525671746
-3.98894384969026,0.74952960570307,-3.34101310929426
14.3421851517633,0.979057277275171,25.8048157245466
-3.15107052214444,0.00947772665580433,7.41754374212717
13.0733944987878,0.485577700242426,36.2021515009946
-1.26016657799482,-0.952141270748251,5.45455786711978
-0.946820960380137,-0.8115622040123,10.2904297649389
0.771159674040973,0.69696731271148,6.7277582906874
10.9726254595444,-0.999736687202673,24.9747035707668
4.50242452323437,-0.97803832336526,12.88495449747
10.4154363553971,-0.836387051829194,22.7802645025154
14.8459404893219,0.759160748154934,31.0527878206847
11.2219906877726,-0.974477121466084,33.2258414315271
7.68089564982802,0.985057980686083,22.8412380148938
11.9202056666836,-0.602128939775442,27.2369575724852
5.03389591351151,-0.948760309706856,20.4278335899205
8.2642985926941,0.916994434048218,25.5521537932283
5.23310737684369,-0.867461998838882,14.3496582818402
5.4927635891363,-0.71065003351132,17.0083850611253
1.94006759673357,0.93259061806358,8.53424869205588
11.184718767181,-0.982165448359914,26.5272910030442
-0.720500233583152,-0.6597606679294,6.19211227853591
3.46027762629092,-0.313318018498618,6.96722811851173
2.55267103202641,0.555464631079907,12.1422971628975
10.6930115725845,-0.954576018805804,22.0895308471116
2.29291167575866,0.750409219446172,12.4255261397469
9.63239917997271,-0.206132791086627,23.1311020856234
2.60665038600564,0.50979137319282,12.1262493067464
9.29662537295371,0.127802098921527,16.2630448644364
-4.25883491523564,0.898895522822957,-1.10884760630593
4.97118273749948,-0.966699376586754,13.443746326552
9.42980748135597,-0.00502949938208863,22.6978959412801
14.5703600067645,0.90763002236098,28.9727680588878
13.9811739092693,0.987857739293328,26.5080647984244
0.921841883100569,0.79671611976181,4.09778532478736
0.186527874320745,0.185448121297661,11.4040698574698
13.4794795932248,0.79140804361044,27.6749273975125
9.64078472461551,-0.214330904525206,17.6865776939056
9.79446643032134,-0.361324966066351,28.0104148147433
6.86872736085206,0.552651217881828,20.8056414680802
-3.39477122761309,0.250482464121834,-0.0636369078345314
11.0272663226351,-0.999497849488019,29.9337118146615
0.223177643492818,0.221329570264668,6.74337470023219
0.662075527943671,0.614755181151077,9.97235385691114
9.28314180113375,0.141163078585232,22.3826869749845
12.3643010761589,-0.200697189119815,32.7436849101191
9.02646090369672,0.387867698480818,14.9334673282859
-3.76439916435629,0.583317027929022,8.20107681989198
3.74821869656444,-0.570098747519243,12.2548146666347
1.61296464968473,0.9991110480095,12.7715067825154
13.0841025291011,0.494910573615639,34.3726314113579
3.80233698058873,-0.613704694625682,16.3168284497609
2.69940509926528,0.427917637757296,10.0631516998637
8.96279947366565,0.445720065222096,27.8166919447569
12.479250645265,-0.0870098057594733,26.9772976334956
9.43158708512783,-0.00680907174200108,27.0377851465596
3.84104248601943,-0.643796798393726,18.4462177278639
4.36767698731273,-0.941172816561097,15.3425940340654
12.3265578923747,-0.237520712011388,21.7497656710703
-2.59749538265169,-0.517645931117799,9.30796755609843
-4.67446162365377,0.999280844019791,10.9506865275185
7.42467078380287,0.909252820247697,22.9385400175364
4.00937877129763,-0.762899495024893,10.3217437729595
-3.91259168740362,0.69685210814698,1.15108446395296
2.94029468204826,0.199941261612636,14.5251483546788
11.7845581937581,-0.704566737746986,29.5396896679624
5.34154068212956,-0.8085269879901,8.35913906563051
11.9379636924714,-0.587856759954742,25.0989306900875
1.7690654983744,0.980408972168374,7.75243910526371
10.9917314583436,-0.999992616340877,23.3408128753764
9.45991476997733,-0.0351295796972986,24.4234222352372
5.95579131972045,-0.321576532637683,19.6208621544642
0.801379992626607,0.718316857657107,11.9567174896289
1.69922003988177,0.991765002375712,7.60325109859327
8.05004726164043,0.980840629587933,18.4090213596212
8.53712861891836,0.775590069489641,22.8228466441976
9.68798797111958,-0.260181343897577,20.3117120713495
9.81103896163404,-0.376727531470135,25.1683611164381
-0.156083102338016,-0.155450126128422,11.7734906356406
9.59151599090546,-0.165966506873269,19.6314356047868
0.160365039482713,0.159678572928206,7.99176698878536
-1.26110471319407,-0.952427600534158,6.78363291552826
13.0979860760272,0.506926512698694,31.1311358895085
13.7738558044657,0.934725267264387,31.1553380417818
14.345507514663,0.978375491845772,28.8233142934459
-2.85676203202456,-0.280994901274365,3.55837001025928
2.73493532091379,0.395541476973153,11.5705486492523
12.3016705410555,-0.261619799368266,31.1273536956386
2.88935472257435,0.249571697063612,17.4022281030378
11.7428052332252,-0.733573556058166,29.3322548804921
-3.96170513238758,0.731222560522915,8.50343163474491
7.39121359307319,0.894820199779144,19.1916022235948
5.5632932856679,-0.659303489281496,19.7507211817403
-3.79986804910004,0.611753516715056,2.73189592607014
-2.38171360921115,-0.688833767081156,7.88303160198088
13.8355947472155,0.954870693542224,33.9814410340597
9.50270454864949,-0.0778477429329748,35.1000292599292
10.0883035501465,-0.615898223972963,26.7162099530103
4.08905549440533,-0.811937065731574,16.5264921224849
3.59034244902432,-0.433839451398148,10.1780629173774
9.17053993791342,0.251507998163295,24.7555661620857
10.3412144072354,-0.793437700412567,23.9744061170461
0.601182859390974,0.565618334138679,5.0284376061288
13.747859611176,0.925172183072215,37.5569995702772
-4.04514227528125,0.785528450339386,-4.04408623275905
8.87549357488751,0.522077016563697,23.6013941092378
9.55975169781595,-0.134564286965425,15.4222370815206
5.26586717925966,-0.850701358734433,19.7993200561153
1.77145458292216,0.979935590214421,10.12049369496
-3.57773704454303,0.42244793906633,3.38984973230394
8.52097327355295,0.785686265847257,15.9671845909732
11.9187189685181,-0.603315252024856,27.3140705668326
3.50749440956861,-0.357791500920212,13.6947285550292
0.529540912248194,0.505137183787018,16.1780650375296
-1.27937458921224,-0.957836358157285,12.9009101144185
10.8344352245331,-0.987045169489367,24.9777386359114
0.855581606738269,0.754952449597121,8.99878052035497
11.1360186710954,-0.990153887780349,25.6296287821362
1.07691031880677,0.880497345180718,5.32857564850521
7.87356640677899,0.999808224467054,19.7791505155857
5.8711262838915,-0.400496854815124,19.6988947373139
12.4354887241498,-0.130508540822238,31.3419428144318
5.13783338945359,-0.910855403900553,13.2913062543457
-0.51009614020586,-0.48826115046331,0.533752853954914
9.16257066652179,0.259213030932706,28.9901121218286
8.43839643057436,0.834035092066905,17.6373952646929
2.90762230753899,0.231841509028582,11.5981532327209
11.4029792370275,-0.918152144930348,17.5109815617316
13.6390277789906,0.878473175147734,29.6516883363988
7.12654132861644,0.74687894190877,18.8054332911377
3.2073396909982,-0.0656996804885359,12.5042728783335
11.8632486602291,-0.646602346121551,28.3957170506994
2.16697018127888,0.827489972708845,8.1187141632576
-3.56103432830423,0.407250588887718,-2.48613418508714
11.732581993565,-0.740482917334334,33.0039086281493
-1.18309429846704,-0.925780279225975,8.77439735249962
3.34123122505844,-0.198315093802767,17.5923469864754
6.31236222106963,0.0291727743858723,20.4656262781514
-3.98555293213576,0.747280612359128,0.735761345028624
6.6415182640776,0.350713564162948,16.3204282570083
-1.5176488738507,-0.998588006535537,5.71890120329037
8.70451109018177,0.659585283325139,23.0665256203963
0.570913790725172,0.540401144629515,10.7670020240002
4.42873776890337,-0.960040001561942,16.7385679392574
4.51923670712858,-0.981404022260512,20.0631539097241
-1.25958448275924,-0.951963187204848,5.98198259416598
1.92021702881902,0.939571195221829,2.35836829247378
8.72992821503431,0.640270028958413,24.4759706288312
9.47962779551744,-0.0548223362235896,23.051004941784
7.66517536714673,0.982228982514146,23.0271332542843
-4.01459044776857,0.766258556978234,7.55796466314712
-2.27762413211167,-0.760425800519416,1.25694090418373
6.19694004766643,-0.0861383803785413,18.3848152121325
2.2206940036267,0.796145718971819,12.8458269297859
7.98647304065526,0.991235845316011,18.780246281397
12.2748991288245,-0.287361957015729,21.8681727540979
1.72806198708713,0.987659222375117,11.025578322441
-1.35430279653519,-0.976656663847815,3.11871605570638
-1.92215783055872,-0.938904985682216,9.33518768694859
3.35653267800808,-0.213288833189541,8.99056584608753
0.774357812479138,0.699257138822293,7.89115497843259
10.0277433590963,-0.567087436045097,21.6692597926798
6.13116898108274,-0.15143151227538,15.6704763191162
-0.750063229352236,-0.681685022873941,11.7764083469704
11.5671036485583,-0.841074698697684,29.2428303753263
-3.88511664699763,0.676886077746922,6.08714585115086
11.4849352650344,-0.882633418985106,32.8267101230028
12.6213821303099,0.0549837735607036,30.3862603726808
11.2683383235708,-0.963029960457668,30.1893821453905
12.7850758470595,0.216965880406189,31.8613490128945
3.54371357709169,-0.39137096488979,13.0923179662081
4.91295893210918,-0.979953186734839,16.2520991556916
11.2398958113045,-0.970301670376383,25.5256088721808
7.70298367366195,0.988621452264637,20.1442016023671
14.3251373199746,0.982385524252443,26.1741424099738
5.75041113421321,-0.507924968884835,21.6063121269812
-1.63381157442927,-0.998015196204874,9.99708463128494
5.05420270375907,-0.942148261886992,13.8806524994553
13.8837445341051,0.968060031942369,28.5829394569417
10.4228997044265,-0.840454674881572,22.2323049601668
7.29139070957899,0.845876005511196,15.7894031648562
12.0267480425537,-0.513812231601933,31.4667863855141
1.39987649861723,0.985428731296009,11.8290722014284
2.49470862559974,0.602702896956055,12.8609219415676
13.4387321118265,0.765849560664138,31.0140511533835
7.53034670371562,0.948085722107758,19.3536942570694
7.58700686506927,0.964573409147861,18.5474096463509
10.0668951682746,-0.598892304768231,18.4850993618159
2.77766101062298,0.355951113268074,13.3594084288555
7.51215710304677,0.942144639178582,18.2894288559332
0.0156569620594382,0.0156563223747962,9.63126763027964
-4.44499591831118,0.964462972924708,1.50050305231766
1.47950203623623,0.995835569882877,11.4027003059074
-4.80714339762926,0.995514158020386,9.58179524001538
3.76927203033119,-0.587268045838256,14.2085422051725
8.70807903818786,0.656899314872182,18.226699734102
-1.25511564314365,-0.950585271657143,4.01030657414236
12.6141464011744,0.0477576139782662,28.2369102918049
4.44748865440488,-0.965118601636915,9.78724436921543
-3.03911817260087,-0.102295227382445,2.98832086631589
2.88696375675499,0.251886288361431,9.33006753688469
9.61955696810037,-0.193549725889704,25.6455959545307
8.74609226360917,0.627770515194365,29.8766121192139
7.02081662602723,0.672536825111173,17.746827639353
2.1492362767458,0.837316576465044,14.7493120571829
10.3328786045313,-0.788336594484651,14.0135004434203
-3.95651056431234,0.727669293706822,4.22849281485437
13.1453379942104,0.547159896579263,24.5131213801816
1.85591319110245,0.959628788833441,15.8908491077278
6.16993079893291,-0.113012552068636,15.9937220058022
3.71207165531814,-0.540035258833444,14.850648895616
0.494800871238112,0.474856414774379,5.19002206262781
-2.6538101118058,-0.468668196466273,1.43970509859392
14.7165872482583,0.836780194936206,28.7387919366195
13.5394741827622,0.826636183582257,26.219955448624
14.8004073556513,0.788001334670069,32.0800533181967
6.12541617825627,-0.157115435202313,23.3736760958177
12.435700353235,-0.130298718840428,32.0961171011395
10.0488201528788,-0.584320257801448,21.5640402529159
3.48616043105721,-0.337789891654655,20.6992805832245
3.42805019114166,-0.282555895048281,17.0348232778165
8.65102238021791,0.698826494363836,23.5577077937953
-2.55896639078856,-0.550218815079001,0.777042779253085
0.854269228875637,0.754091169158679,14.2185265843841
-1.03013604413718,-0.857369019340507,3.97132349048698
12.0887118577957,-0.459701240795046,18.1800803256972
-4.01829128153622,0.768631209578748,6.6608416802319
8.32092658616602,0.892947714655168,18.4850234855345
2.9489301238209,0.191472837980409,16.165465337758
-4.31234357878566,0.921043312838164,10.7577657455142
-1.73310421872884,-0.986856965332713,2.01232367027679
-0.110476496629417,-0.110251905087189,6.9575169703453
3.56132507324219,-0.407516113808772,15.0812611510957
-4.46619290392846,0.969846515193812,-3.29703216259165
8.88811018317938,0.51127506644817,22.4644162445492
12.7359522599727,0.168770010563357,28.2226593069413
12.2305309399962,-0.329562051005961,24.0220959785408
2.80244782567024,0.332680752827645,13.2722214834048
1.87908218707889,0.952855083645473,9.38262101641951
-2.26826353929937,-0.766471398807812,-0.63375940321413
2.11656441912055,0.854728845614963,11.5234898257
4.18609005399048,-0.864672173013719,14.2930347032645
12.4051296012476,-0.16054324561848,27.0267416468989
7.78925376478583,0.997905882771401,22.9902141850447
4.54995393753052,-0.986836410250539,6.10291232433099
-1.22386784758419,-0.940421497805222,-0.0662454017729086
5.19397982396185,-0.886259182257939,15.7636004116546
4.54825758934021,-0.986560654256885,12.2901141819715
-1.46184399724007,-0.994070563927268,2.68614977776082
0.612276894971728,0.574732225994753,3.60489383941413
-2.71192729007453,-0.416566605990748,4.76705901434223
9.80481755919755,-0.370957242782026,29.9886558077046
4.93240649811924,-0.975893626292261,9.21512545745654
14.5696230512112,0.907939128477986,26.8296217843789
8.02370402961969,0.985631694689172,20.7231061348722
11.1158344056457,-0.992777462957112,19.8862920986744
13.2270514871925,0.613654594064104,29.302215088323
4.80127158109099,-0.996052541454633,11.3765000412421
-4.06246908009052,0.796132271248255,10.5921985086875
9.51916850637645,-0.0942504447577806,22.8584709121511
-3.02895867265761,-0.112395978406557,2.50496596642483
12.7619816130027,0.194365917552077,23.0389216020412
2.86212356761098,0.275845371832607,8.14505053610706
-2.60617468506098,-0.510200560097565,-0.273825267429856
11.5546792559326,-0.847730200039179,27.9181702153046
0.42299066670239,0.410489370157824,11.7578483740284
14.0262163477018,0.993851294355239,26.4636357270194
8.01438179798424,0.987163450921981,25.2768679895627
-2.21606886480004,-0.798935887844502,5.3914143042281
-3.38229038752615,0.238380303980178,-3.96347999097329
4.02800069190562,-0.774805915547619,18.3339836280885
12.8223459096625,0.253189045984267,28.029216145658
10.7546308171004,-0.971113277166414,31.5733947814351
5.12372695375234,-0.916586673408568,16.1231004093367
11.079791598022,-0.996455817828404,27.630670638881
-3.94973581191152,0.723005637058047,0.422915116214999
10.9058568207547,-0.995978086933948,28.9826912191842
0.057533266954124,0.0575015322846986,10.3251152791087
13.4736809367314,0.787850107691115,29.0673747502168
0.653991587460041,0.60835921426374,14.4172971662706
10.9404461551458,-0.998480829310522,26.9923460722841
-1.32886281237006,-0.970876558019106,3.64650074101861
13.5045837284997,0.806502927833494,33.9908623168328
13.6419579386711,0.879869407822915,30.0727577824227
-1.29403888713568,-0.961946484247516,13.2179047756691
3.90810020733625,-0.693623733856436,16.8999057790619
2.13815510738641,0.843323323579967,12.4486316027903
5.86227771826088,-0.408588994410088,16.6270065498348
-4.7110094409436,0.999999048435616,7.16050967556269
-1.99431537184864,-0.911648362174549,6.08225157333665
2.36335606314242,0.70202469466289,10.3352155387387
1.56504836864769,0.999983480534051,10.3526261219484
-2.40339417941868,-0.672956447966557,7.5775369291997
3.44571612775326,-0.299456988461047,15.218036065248
-4.52218275517225,0.98196526677006,3.00291044345892
-2.95688899233937,-0.183655243356092,10.2281669184122
3.99534685071558,-0.753752811884196,12.7806196332168
11.5967393806204,-0.824677193861077,28.2524012657315
-0.969860129989684,-0.824806636818577,5.52955361939727
8.63463351503015,0.710454932463572,23.1257086766203
6.16302740760148,-0.119868969860665,15.1824733523677
0.763131752610207,0.69118807004376,22.012372554148
-2.79435658361763,-0.340300140562463,3.02489297916759
12.8578725876287,0.287391158707225,26.7257380315951
-2.00090205296874,-0.908921670439819,5.24122857063754
4.87825978547335,-0.986274949597537,20.0365101731036
-0.996862230822444,-0.83977150127989,1.51287093678206
-0.71515919174999,-0.655737613003774,6.97599395444619
3.32926759496331,-0.186575169139844,15.3458278302389
1.87964636366814,0.952683746301681,12.006419802421
-3.63826121669263,0.476499272642194,5.88523539275537
-4.42132624797523,0.957939443752374,9.1204680716714
8.8675397913903,0.52884419992091,22.2542745881596
11.6893697809428,-0.768824492947775,30.0248250760766
13.2675523729995,0.645121096048436,36.7044968352618
1.07283554971218,0.878558392076,7.48113265268836
3.08526842854917,0.0562944490968126,14.2904195882682
5.116181303747,-0.919577574054352,16.9207228871244
-3.96668153814971,0.734608092582136,2.81923720682873
2.94142193160951,0.198836646806018,9.71009315173706
4.50948240235448,-0.97948499084786,14.5249637434681
13.7208068650216,0.914567105268323,29.4721149449872
11.0031831357628,-0.999971052854203,29.7838371047443
-3.59348627272993,0.436669857111856,2.29380202640366
-0.499566341750324,-0.479044922618138,3.71240603960402
4.86789219081402,-0.987933720008973,15.6520568853921
6.09007455874234,-0.191912744419581,13.6033209335518
5.19578606355935,-0.88542110549583,18.1026665692247
-2.51109877135605,-0.589543756504787,0.519863302426243
4.98997074086219,-0.961720921742827,20.8400990506946
2.80521519482136,0.33006974382247,16.3858672180086
1.64337320718914,0.997367454077338,12.5728340152271
-3.56568333227187,0.411492184449412,8.40431581405677
1.85066615696996,0.961091403334912,8.1703563715125
4.24430600367486,-0.892434842973884,20.0735124061201
6.23362620826811,-0.0495388143501584,15.5992340102633
-1.91146189812571,-0.942532497283836,5.73976761795651
-1.69139361474663,-0.992736956105355,-2.73876406839067
0.581259191967547,0.549076769099895,8.39622214582451
13.7841981370002,0.938350578189978,26.2609815532479
12.3363274103031,-0.228019589659974,25.7984985211261
2.11290593259037,0.856622149312331,10.5914842701505
14.4248054968193,0.958916463363491,27.9942983789858
14.5018221577629,0.93424677582819,32.978996905793
0.296680661849678,0.292347499609584,14.3113571838724
0.418647397309542,0.406525033873112,7.34106138586123
-4.47950707282871,0.973005342429822,-4.20821273107272
4.38282465096563,-0.946183429754746,19.4162774517789
0.865156231448054,0.761196592326986,11.7215739808304
-4.32579305022955,0.926197886501903,1.41775793718118
-0.907556409947574,-0.788001641059823,13.620382270014
10.7971346471459,-0.980375380214725,17.6150853884731
0.0959870917722583,0.095839763132536,14.5060740287975
-3.6048291856423,0.446845879324135,8.57910142888744
4.35841869562864,-0.938003910754269,12.4755924796256
-4.97053404338658,0.966865183515624,2.40890647790285
-0.796316089108586,-0.714784623584363,6.3480567311793
-3.1967731565237,0.055152504122593,0.922149434597231
8.97117805667222,0.438204231899509,24.7862099096724
2.90360868908465,0.235743892859842,8.33777495353209
4.50106150470674,-0.977753327619707,9.60942937444679
2.00983333401382,0.905161420273601,9.45798169087726
-1.63724955637008,-0.997792796575588,10.1553270476846
0.465470449998975,0.448843250161563,2.02361524663263
14.3178412178531,0.983722753675665,30.4451384275769
0.147082647308707,0.146552906670538,12.1648191539845
14.9775844020769,0.667151908285714,34.8053999346111
14.2119659436867,0.997203858650296,35.120588464806
-2.55033437162638,-0.55740613987029,1.27521741090907
4.84813288319856,-0.990800934924581,16.903527383646
0.625725253485143,0.585685272839229,12.6701599314615
6.23403053265065,-0.0491349823591643,20.0930051376144
10.4382357932627,-0.848665863625324,27.236121035989
-0.5325120780617,-0.507699182546167,13.216007928725
13.498944779858,0.803156206898566,30.9888456926725
-3.78792918752879,0.602265925188021,6.09861100751198
0.01012172549963,0.0101215526731875,10.4077772817789
14.9404347361997,0.694358820956846,33.1160064834618
1.05184700805694,0.868340763225657,14.1794363283303
12.0509557565674,-0.492895854358361,26.2085188795351
10.8951951703057,-0.994966245201774,27.2511210868719
11.4137719292194,-0.913822387287399,31.9435929566651
12.5444713560864,-0.021897507916076,25.2607290051738
8.61723224166781,0.722592771866609,18.2794029642576
0.513611892238259,0.491326314822631,6.26204032137263
0.369893237948418,0.361515892724117,11.1843481408509
10.9632558748126,-0.999477805552776,18.3270467622379
5.33586018253118,-0.811856666911153,20.0913435963636
8.36875609122217,0.870403787826895,21.3426061751124
-1.32889423519373,-0.970884085828582,2.8377149888539
8.10933789703995,0.967573368558403,19.8987390029022
13.1961911497638,0.588999736125737,24.535613774755
8.77359660807997,0.606126438956439,21.3254825912271
10.7851890614256,-0.977950537954362,22.8024747787216
2.99898135475814,0.142128385815858,7.09915048184505
7.49878109898418,0.937576765935905,27.4165637508826
4.12419504486024,-0.831944147223555,13.9963583573392
3.48953918553889,-0.340968114003727,10.588754072191
10.71633502841,-0.961265395226114,27.1519590841092
-2.23081028554589,-0.789983673074938,7.52015397297773
-1.90488014370203,-0.944711125980452,9.15453519136017
6.15604722872376,-0.126795843257513,19.6843939489764
5.62684239819646,-0.610223684915823,20.0185983330853
14.862143388018,0.748515040677854,38.5290630274731
2.7625070232898,0.370071171668979,11.2037136442203
11.4431564277038,-0.90149615500715,33.0163348867823
11.6173825133592,-0.812826483909136,24.986459983545
10.4183794744313,-0.837996666358459,23.7866802265809
-0.807454488240182,-0.722529703340888,11.1032292833425
13.4323088591918,0.76170351178154,26.1370636140887
-1.75678404979408,-0.982754082963335,7.04450136270934
12.8930745227262,0.320923031552381,26.2097011488803
-2.37016940955073,-0.697156295309649,-1.69942527370827
14.6504727192223,0.87112593620368,26.9949431331918
4.46255225222558,-0.96895280289585,20.7495205793744
10.2248968323693,-0.717438904472236,25.8315311215517
11.0673115868121,-0.997427983250168,25.0857761963409
-3.59836379997432,0.44105257545892,-2.92123262807198
-2.68899342510849,-0.43730452991992,-2.11308005716007
0.553740281611681,0.525872247173035,5.19414033555143
9.14617033209652,0.275017235075381,20.5724991826578
6.11105532385409,-0.171281242823487,16.278438163581
4.7953271586448,-0.996562600386588,13.0238676297386
1.08844014350325,0.88590442528893,12.154361653636
10.4286171356216,-0.843539093413855,21.837861697124
6.19974857196212,-0.0833399588126856,10.1524987289393
11.5728861792013,-0.837932773761619,22.423204112057
8.41539306100458,0.846504536785145,23.8980789445008
5.73158649727702,-0.524049584953412,15.2402436334684
3.70991561096162,-0.538219386721912,12.9927099530644
0.228686458431184,0.226698375943765,6.69476182194719
11.688691158779,-0.769258267508565,23.5920902315263
12.7702701417729,0.202489607084553,35.1588852096715
0.0205142190679908,0.020512780254245,5.63404326157355
4.60713182576001,-0.994465578218479,23.1249393255704
13.9866113523021,0.988687899173441,29.6662960837594
4.85707955434918,-0.989550568221508,11.8212189504109
-2.14602478314191,-0.839068038012387,5.63185484985935
12.4774242611602,-0.0888291170907687,20.9900429219158
4.90894638001919,-0.980744707978648,16.3652912084224
7.10721334442496,0.73388790328507,18.6114378855959
-4.37858025543392,0.944801293925664,5.82555178991796
7.82354943454266,0.999536976355099,21.45520765621
5.14561270363629,-0.90761715274394,16.3538715809139
5.89481234084815,-0.378683054381764,17.2765375971887
3.04892322514206,0.0925368503683573,15.513443379798
4.64039738755673,-0.997409724308807,14.8819337749594
-1.42126746010035,-0.98884137347768,2.99264074204194
12.7018794696778,0.135094518973226,23.5588256419534
-4.7023205878213,0.999949314163776,14.503994034251
12.6814636215568,0.114839080762217,24.1440118674321
0.160946962423623,0.16025300218213,1.89126832148671
4.19191990513355,-0.867586010036934,10.1695765013396
9.00598624255508,0.406656886938861,31.1656457353487
-2.5364146893844,-0.568908443183661,14.879344506285
2.82757518347353,0.308882135979306,22.0852222228847
10.740834553726,-0.967728913858139,28.7579118895905
5.43630316387862,-0.749219023994656,20.7459007597722
6.56655101105571,0.279588705199304,15.9722726031598
1.97831330355257,0.918107750816623,8.93815506329547
6.82879997417331,0.518943611059297,12.0025904251059
1.76661548670381,0.980888614637462,9.21199906613737
14.9181864503771,0.71019616882084,30.265733504753
-2.55646965932101,-0.552301919961625,3.28553964807347
3.51326183881611,-0.363171154511079,16.754335576419
14.177652313374,0.999180579250961,36.3471144696544
13.1546913413331,0.554964862842768,32.5392816600749
2.99435795284808,0.146703316662545,11.442398493105
4.2539320839569,-0.896736488337546,19.2255740680876
-1.69803729280829,-0.991915784251016,0.465907759075542
3.65579098463058,-0.491837004180502,13.5703212984405
12.335172877647,-0.229143555717873,23.861047139269
-3.42860777396709,0.283090712888819,7.53422396867653
11.69694671873,-0.763957322814794,30.0019470707417
7.02638140879571,0.676644684219188,18.0822065787467
12.9129296122119,0.339663400274254,30.6342124003163
1.1046021990478,0.893285454355977,7.25306664408959
14.2431447422132,0.994389606789542,31.5532839913995
-2.09598141722381,-0.865231157071123,6.92089215650247
-4.9270717613399,0.977044022917589,-3.54476844636232
-3.52180081885308,0.37111377709345,6.70998487392544
9.90658305585384,-0.463379532523934,22.1705660708269
-4.87498058006167,0.986811079525693,-5.31272036068115
12.6178084034473,0.051415109342656,31.620471652466
0.159093667753041,0.158423385379721,5.71022564371047
8.06059943512082,0.978730372240157,23.1720609139785
5.0062468694523,-0.957133575375527,15.056915973981
-2.65898053068668,-0.464094537257684,7.11826972128786
8.59393663238734,0.73849890200804,27.2017953036998
2.21445655450225,0.799904518524431,16.8318950959685
11.5220327069983,-0.864592042829145,30.2079583801014
-3.57217641547322,0.417401350926893,3.35236558951103
13.7035364843905,0.907446331399206,37.7089447116682
-2.246083477512,-0.780527479235493,4.81750446426672
-4.12700013723224,0.83349730391563,-2.27752894155236
0.110174692235887,0.109951935574344,7.55903424167599
13.3587408438325,0.712019550390308,27.479062243149
14.7636067261919,0.810119864941586,29.1905623481164
8.33141178358346,0.888178695954189,19.332903388707
5.69876956287771,-0.551712187073232,13.5487686991909
-2.83045724965632,-0.306139722860406,5.48435479264317
10.5722937034443,-0.911746336811496,26.7888704233633
4.89767851307988,-0.982882950895982,20.2533423862031
0.397722152993083,0.387319297829545,6.92352502349087
14.6860284171999,0.853119061324877,30.2775349904177
6.21209753677249,-0.071027912201448,24.727655389196
9.99852670356631,-0.542784319818537,27.2652358768761
0.540465065278113,0.514534826565039,5.46678440503129
11.5361342718825,-0.857420638804939,24.6144481139818
-1.63299458101392,-0.998066312099085,-0.954835893812492
0.59616370126605,0.561472092217197,11.8753469898704
0.585759584791958,0.552832497989672,8.75768017050207
-0.625386317260563,-0.585410518323157,14.9454577590996
9.88608724903315,-0.445120917133262,22.6388545538917
11.0795991821215,-0.996471984982884,30.2853565924433
2.71625307388604,0.41263012822727,12.0780033338667
4.58904452621937,-0.992402712147335,20.246460858955
11.3405641820282,-0.941078870217192,25.106923193335
12.760953004472,0.193356822871447,26.7478068742585
6.57753069419414,0.290113452767856,19.5358604357033
8.37432423606515,0.867648896576289,16.7614813673543
4.5886750286445,-0.992357184401311,14.8797774300906
-0.270218281075358,-0.266941803280392,9.25005015657351
-1.36230173055083,-0.978343622695397,6.51674034302335
13.4257291676477,0.757423903146927,31.0041230655933
-2.46744765434414,-0.624229583368714,2.87727760375339
10.3174693556502,-0.778762927388749,16.9829780293107
11.7798467865214,-0.707902297982884,28.021690901474
5.68286667112261,-0.564905426412827,21.7600907631391
5.89393265079707,-0.379497084132986,22.936484182282
12.1675297804177,-0.38835041828163,29.6412263365948
12.4970439728349,-0.0692711221108079,38.9515827652655
-1.59933967050165,-0.999592666421464,8.49127822182315
-1.37438640464097,-0.980773498807163,1.52375407480388
-2.881077863276,-0.25757800600593,4.4956139997038
-2.30328652542084,-0.743511455767117,2.21408585925514
14.4179205643013,0.960846897402185,31.7717892468827
-3.97923133801669,0.743064955076622,8.63542343804853
7.26327502168715,0.830547340153179,11.5063650062336
-3.93988369032741,0.716164397769289,3.7963374982884
10.77148668468,-0.974997262899341,27.5529456181692
-0.972595848143101,-0.826350364213918,4.66097551522183
6.19323027320206,-0.0898337650741847,18.7020110047856
12.2560581099242,-0.305356230006901,25.551284091918
10.0143748987466,-0.556026057098007,23.1066195894274
12.8320603538305,0.262574868187616,29.2892935455613
-1.41713458113372,-0.988217245823294,1.23542868148939
6.36614840477705,0.0828679595650147,16.1656772710131
-2.90982489008456,-0.229698378344687,3.04402285953909
5.9590752189979,-0.318465333950068,14.3659317997624
-3.54501626919955,0.392569412733125,8.59606888316201
9.22836456913501,0.195152945528479,16.319541140623
-0.565690957009792,-0.535999262569072,8.13372452624761
8.76844526734203,0.610215591822728,24.0127653964211
-0.184044595807791,-0.183007348303452,9.15478258634703
4.44979577325284,-0.965720066410329,13.8053898488865
4.80385974515229,-0.995819465659242,26.6613441576506
-3.23239297606051,0.0906756036805958,4.28871913963947
-4.3893049377948,0.948260768713315,7.84015859773527
10.7591689238325,-0.972186151972601,20.9996033495827
6.35764420963824,0.0743901199121268,18.9325516202376
2.48897013254464,0.607272068739471,7.02377912683393
14.2633131006733,0.992054118412284,24.5776478003054
2.21128350123763,0.801804724355176,6.84480399175724
-1.75927131902426,-0.982291104389812,3.80230322231964
1.09541569836438,0.88911858119253,3.7964863259535
8.26274165417999,0.917614385143122,23.5723960283605
-4.39739131834358,0.950797103249628,3.47880007898876
4.28766059223562,-0.911150690558336,7.01000070432647
-1.58824457786977,-0.999847783129033,6.97898249282467
7.69889953080565,0.987998852348839,18.9222539768149
14.7698326362297,0.806454159000177,29.3787719980478
4.53015005681664,-0.983440393697336,18.8961675452201
6.60620803479105,0.317434399277048,20.7922035656158
13.7511127861217,0.92640202024353,28.0255695777523
-4.79031693655998,0.996965153115957,3.35677335056982
-3.40327669400722,0.258707626365969,7.32065034434047
4.54835426993668,-0.986576446816376,17.2445948767971
8.42751529999077,0.839988843381632,22.0028267868539
5.50109138246626,-0.704766475767872,23.4711801867273
12.3631237633526,-0.201850408169539,23.0321457240873
10.2243732893839,-0.717074094901174,21.6355309676023
2.90725863538682,0.232195257074988,13.6141799486314
0.53644772619009,0.511085938128098,7.38817780977977
-2.50162987504154,-0.597165585780159,7.43314556249811
7.34697212465107,0.874200492485899,21.102118317118
10.8887680526823,-0.994301634229391,21.4290746424268
9.79474532417953,-0.361585003787196,23.1010567676832
2.37781165633351,0.691657117164467,7.68747270945987
14.653816963546,0.869478844419276,30.7131887243693
6.32866046391428,0.0454594846612741,20.5503330613676
11.4126576250419,-0.914274354472988,26.6175654107066
-0.953179458156228,-0.815260827329967,3.07726792235156
-3.84247543755919,0.644892626550212,3.30900474601837
9.06111611053348,0.355698977774673,23.3197378339869
11.7911542207003,-0.69987065514443,26.0430158120586
1.95815362501889,0.92591055356602,15.5428018685321
8.6843186756596,0.674627008111195,21.6624771714434
8.34795545786619,0.880455712561924,19.034428362809
2.66786759719253,0.456204277722255,12.8679601630195
-0.0524856988340616,-0.0524616046688955,5.00167492462562
10.854084813036,-0.990007051960726,25.6491214166945
-0.928862621076405,-0.800939458759045,10.9254400241362
-1.82578959967941,-0.967664992550675,3.51653104137432
11.6609762748703,-0.786668671616231,31.9282681566423
9.17138847522438,0.25068664645125,24.8061095325111
14.7665946837515,0.808364518436861,24.2872226766962
7.20346953254193,0.795773777351622,11.1754165377234
11.274238107726,-0.961423841123905,28.5041931115769
11.4066652720794,-0.916685400498258,18.6296146733403
14.2322404729202,0.995483915048838,31.5195278902432
-4.16594116017222,0.854375818601169,3.5188386340778
7.08796810824424,0.72068008297523,22.1027916384973
-3.61014919821173,0.451598874976896,6.06761994096075
14.6986850490794,0.846447737032526,39.2248132908284
14.7424000874162,0.822369470527029,27.3819497703609
0.340257249772549,0.333729604526754,7.66010346107129
8.00872811581939,0.988050637181306,21.81477631972
14.5232861023396,0.926377541134656,25.3761129819835
9.90916662849486,-0.465667442016152,20.6092902671912
-4.63264002930373,0.996821737387952,-0.149913299292822
2.82367419451475,0.31259000819407,15.7606036401884
4.67428076080978,-0.999273969670768,18.5905613979276
7.17400469817221,0.777587221150745,10.2186563396951
8.79212421830744,0.591286977854386,23.8228554440812
-4.7704791277647,0.9983132417943,2.31864255648951
7.63116778340191,0.975279521135155,23.1243602609061
11.3616707269102,-0.933731826500074,20.9393144154422
10.7709748996422,-0.974883407947507,23.8576141946495
-2.22632963210344,-0.792722947481658,14.2343122292339
-3.45255166757852,0.305971797236504,4.12056611090179
3.29356692265719,-0.151389940124102,13.9400632467726
-3.7852970790118,0.60016264090056,9.5162553882334
-0.367021877318621,-0.358837247233628,8.17609721571732
5.57605705223978,-0.649653264235178,18.5702675043331
6.67984892148525,0.386343165888645,24.0970075701434
3.26926826499403,-0.127329019344941,8.39071685738666
-1.52342106681317,-0.99887800224679,4.47255811241401
-0.524552310816944,-0.500825558290275,13.3499695465427
0.357887912541628,0.350296753068977,12.9613380688968
13.7516226293519,0.926593874118984,28.8756569129438
6.92777814809233,0.600873027958401,30.598481449932
7.36103811301291,0.880943741041233,21.6013574361318
7.8991607343778,0.998979598027307,22.3486112438696
9.61702050641179,-0.19106060756246,25.9980175643955
9.69477248843759,-0.266726162610726,15.8991643275325
4.67457173857838,-0.99928501332832,18.5019250722267
-2.16779994778335,-0.827023790186972,5.33523332496214
8.97678048349917,0.433161497400179,27.6785957188451
-0.214848155155778,-0.213199077013405,10.9753226839566
7.23870321642607,0.81661277986895,21.8510157763616
11.356628309004,-0.93552499927967,26.4945524289195
1.39559258241206,0.984691044911266,8.66848039203726
2.49191477894783,0.604929935563333,18.2421644823594
4.60905072279274,-0.994665352095939,22.8930660883906
12.5600769277662,-0.00629364504371541,24.6303238247857
10.6559199187905,-0.942869872767443,27.1951676171982
0.341322179883718,0.334733291537384,6.07872808563223
-2.91048954240978,-0.229051446895597,5.62831806763137
12.8804700868204,0.308960127397571,33.960636867226
0.71913608815521,0.658734932114104,9.22321638424339
13.5024617007002,0.805246506232253,27.3475686058615
9.81000212952495,-0.375766886560845,25.6927643411108
10.5393608659506,-0.897727113943345,20.2067504001054
-4.62374639231712,0.996073817634923,1.49634121568999
9.2409160733223,0.182827722551013,22.5247210965844
0.641065929085016,0.598050079129649,6.7199609895022
13.9023800007999,0.972563928702935,32.201842331803
14.9404757423326,0.694329311172606,31.7624390640238
4.21568832360208,-0.879159571888758,19.461740108899
2.6549449423328,0.467665414794897,9.18491894200883
-3.52816999424249,0.377020545789886,11.0730158818855
2.53492241725326,0.570135055175922,11.7591065703667
2.96668307855725,0.174019093016667,11.7717694653821
2.09008167497814,0.868174054331217,10.8635586005725
-4.57954684272408,0.99118945134187,3.55029574037131
4.19022028334439,-0.8667395572549,21.4730153439121
9.42772227805108,-0.00294431302765061,18.7650116299779
2.62733155861497,0.491891650971506,15.5932703313181
6.27580928616226,-0.00737595413459726,13.8813060180108
10.3579319780692,-0.803501529295936,19.7111202238025
5.90090635232627,-0.373035889146984,17.8898790857026
3.25642103329301,-0.114576199996945,10.614518162927
9.32468401268125,0.0999268949451268,20.5762545443017
-3.03644545376301,-0.10495355682586,0.158985331082642
-1.65720410645008,-0.996269169967081,4.56193876223657
6.39999685343355,0.116546079727572,18.0510988766053
7.49515949748456,0.936311105332929,13.2575690244799
-2.41875238250941,-0.661517341498635,12.3529028027779
3.62252470571548,-0.462605700346374,9.19014789887237
-0.155250490643084,-0.15462758208894,15.7618915939417
-1.38552929740399,-0.982887096456023,7.89208498626566
2.66660996247083,0.457323054448523,17.8461886765303
-4.35237604659051,0.935892267357226,-2.66322714878741
6.82127313688397,0.512494967647877,20.8165145957167
9.96834906283766,-0.517195672063366,25.3558364996875
1.9320498034358,0.935454521028789,9.91398428759052
4.13371817208827,-0.83719033966051,21.9367438588108
-4.35749210882932,0.937682330286862,-2.5807508840122
13.8278601178899,0.952544800623371,27.3895161049958
10.0924679497257,-0.619173695105626,23.5858731750231
-1.01802745833993,-0.851074003734738,3.86229639557942
5.77436408493668,-0.487148136142667,14.1775731659538
12.2764232940972,-0.285901744671764,27.7498492242812
7.2934906790033,0.846994220409577,15.7783085164483
7.3649427248165,0.882784765268165,17.7431458169213
-2.85595229361206,-0.281771922521982,1.54625249388728
-0.628213169984519,-0.587700010406271,6.36781563703081
8.41391761787236,0.847289113747235,23.1894034001218
4.69341502524912,-0.999819999913521,5.32190507418712
6.92935302853584,0.602131154276633,21.2456318421036
12.3278095340356,-0.236304703504556,28.8582908779869
8.17472689319402,0.949000720866656,19.8542606153487
9.08266225364059,0.335480937039373,19.9211191173195
10.4272352531552,-0.842796123694112,22.1041344939666
2.16344602871686,0.82946357297105,9.03583335238609
0.21793968975544,0.216218509811936,9.59789010089683
4.15978503413498,-0.851160583863066,13.933476085614
13.9546950301155,0.98339814224977,29.7159181111732
7.6152584515512,0.971640685892885,21.526481485765
2.31278775725514,0.737124297823865,10.7601703284635
10.8219260862097,-0.984960998253212,36.0247822909317
3.73426933307201,-0.558583189069059,20.249997027877
-4.07759448513389,0.805193580268946,3.08977267499931
11.0163133777678,-0.999784952776758,27.7875934049235
9.9441493395716,-0.496334510172757,20.893343237545
-3.73763719107956,0.561373480721662,2.75824653180687
-0.718652606010437,-0.658371095210575,4.39784722749322
3.00189964007586,0.139239125144564,9.28400600643941
13.7341873813421,0.919896611993008,33.6887915557074
14.8002850450575,0.788076632170774,40.0648505848671
-3.62903936300427,0.46837150436465,7.18395849380938
7.15450083836913,0.765176564833307,16.0085695562483
0.0212587928399444,0.0212571916061934,12.0183300917127
4.02016767766327,-0.769830171649947,6.64974225435526
14.0610058000311,0.997101141938121,30.1653125940355
5.21837591193616,-0.874696563451259,23.7530576320597
9.59417292382568,-0.168586002941986,26.9378606025288
5.69096951279789,-0.558200849299679,11.0960524894474
3.16378294490278,-0.0221884702411892,18.591462402049
11.7309387819842,-0.741586278853071,27.3238764581277
9.55015867948532,-0.125052472562332,25.7953150044997
10.9917609626427,-0.999992729285332,25.7293604515614
-2.53587081562728,-0.569355641268915,1.84394034864373
11.0857795644552,-0.99593426203896,17.3896314347971
-2.55749910604209,-0.551443435209993,7.94595319977729
-2.5078882323578,-0.592133983019552,5.49002912991549
-1.15658572874963,-0.915434314250907,4.73612573373517
-2.07969329785556,-0.873282450245184,-1.6846137854409
2.94010984711349,0.200122360922762,18.6164214096533
-4.02413147501647,0.772354006196733,6.87897069259141
1.21167993638664,0.936207731170733,17.9607853793767
13.5570373153314,0.836391604834256,30.8349751106093
-3.08387149125338,-0.0576891157625477,8.02852406286921
6.1022342601791,-0.179965173912484,20.6269848498642
14.5696937711909,0.907909487318196,35.5059512012263
9.02887973934412,0.385637088754371,29.0788078643558
-0.501402299851179,-0.480655700714942,6.0603551193763
6.0287352418527,-0.251713218919947,21.3395702157968
3.09094285126776,0.0506281489116691,9.12665001882305
11.1975661898032,-0.979668903926161,20.6850729542032
12.2742805955932,-0.287954346784075,22.4257192100187
14.6789189102128,0.856806615151971,22.7197239187382
-1.56163842882961,-0.999958066745498,9.28520044766372
-4.51548439916223,0.980676846328505,3.96264123459457
-2.43188644293696,-0.651610944253684,7.63835091526453
7.78893989976496,0.997885531988456,27.1830926287387
-1.22970923315734,-0.942391576842926,13.8831026914197
13.9329529181123,0.979220681187932,34.9642056833647
8.94434289541095,0.462165032590097,15.4856589104447
-2.19152891542763,-0.813452578548163,1.64468754389528
2.35396798234433,0.708679406000807,9.74175790097219
10.1705394685268,-0.678531388965787,21.180456614006
4.82087512500584,-0.994121147411167,16.9500420566699
5.31401923857629,-0.82441400553562,17.0097179280332
4.18716222047806,-0.86521026436227,14.2104936361275
2.68487603869289,0.441003633814529,10.7675686120664
7.36134489066899,0.881088873217553,21.4741803531568
6.36131068691611,0.0780459299682135,16.083109716957
10.8011478930712,-0.981158653701234,30.011070456728
6.68127687647939,0.38765985314638,24.0107280688332
4.70320842694491,-0.99995785901525,19.8909429740381
-0.9963249694556,-0.839479679416371,5.74976607040364
-3.54738912079483,0.394750670235935,4.13864724684208
-1.61425247788429,-0.999055930048334,9.92717105025629
0.326994052156806,0.321197814755,10.5582414293955
11.2645486416295,-0.964043961412487,20.8854082188634
3.6532607767731,-0.489632412344652,23.2250389847104
1.0117644071579,0.847768944845332,6.34060181487674
12.9808802064508,0.40274110163941,25.1059348756419
-1.13094052299857,-0.904813072667564,4.90954531863482
2.98016871791333,0.160723792772577,18.4492154247314
14.5536614535376,0.914512726388314,32.1508142785671
3.68654124438763,-0.518374128407701,10.3414435811277
6.90537564456463,0.582816433742245,22.8945541523775
1.69145457446575,0.992729620490919,13.9262846648473
6.13934513181448,-0.143344679456721,19.1998003852373
4.54646566417068,-0.986266278060381,14.491431836695
3.61221536062658,-0.453441383383514,19.4854889157499
-3.5164982965216,0.366184727484537,4.78310706315501
0.668326765298843,0.619673600746177,3.40571048282925
14.4027347816154,0.964943622616106,29.302634674829
9.55899361986667,-0.133813065243074,23.0570123951172
5.93052800279111,-0.345392793104291,14.6205733185492
-2.20371377654374,-0.80630527175843,3.25809179742534
8.26341809239239,0.917345310106841,20.0617368214951
7.8178827976808,0.999348507761769,13.9936933824858
13.8529750239104,0.959888537792452,24.6675412404026
-4.89725940860808,0.982960076658133,5.83709367480866
3.01513741258532,0.126118487592036,12.8093626795757
5.41016262955964,-0.766274545156997,20.8865279252494
4.55641075968742,-0.987860040268101,16.8842187937904
-3.20603595115244,0.0643987019807924,10.6830420954752
4.82023699674755,-0.994190037360329,17.0792205566881
-1.61284647416323,-0.999116022819802,4.1087325348016
14.8024458019063,0.786744680960113,27.4373627682474
2.26898414548486,0.766008370026965,9.93751836607406
4.21272972598672,-0.877745873084005,11.5401781170746
8.15734114963561,0.954338295106908,16.7901766737516
6.32182681001723,0.038631887194184,13.913221750473
-1.02942505385727,-0.857002854400101,9.19892432986015
2.8744077635929,0.26401726227942,14.0490357179396
-3.1799517152831,0.0383496553521901,3.4681587047551
11.0159520339221,-0.999792380911367,25.083886599081
-2.69284762907773,-0.43383515283885,16.1026074134714
13.410961329937,0.747699394660423,31.443497836996
11.8638627463952,-0.646133782575204,18.9657134856121
-3.82706685457379,0.633040170643273,6.4929056595348
12.368055046536,-0.197018194053203,24.1738211163612
6.3423339696601,0.0591141792802602,23.6397431061549
6.89549685455859,0.574760583153851,25.2198435560828
-3.67850441485643,0.511484734980073,3.87781639776574
3.98440187331289,-0.746515228985545,6.49386704817478
11.8023111345246,-0.691858217707708,21.2464564928921
13.1545778317377,0.554870433610548,24.8044028707314
12.8646671865135,0.293892431920392,29.6957511383679
5.21017543505877,-0.878641641202701,18.8517947346407
4.71077562309802,-0.999998698539415,9.5964294767322
13.6187429074198,0.868601168000992,32.350554828105
1.80884920060635,0.971798970252132,14.2051117885258
3.2909599551931,-0.148812508729049,21.7541554870911
13.0091015994549,0.428408736915349,30.3177867832143
-2.79713950585574,-0.33768199746134,1.56474193356203
-2.36350859049708,-0.701916063744704,7.78184774913147
13.8644003774971,0.96302927951993,28.1044924371519
-0.963215352967381,-0.82103139971239,4.82511475049207
-3.56386692263186,0.40983600664986,2.65315475710368
13.6659572087228,0.891019764718008,31.5727952477759
11.7339024413377,-0.739594831869772,32.9146152585259
11.3142768200487,-0.949642758880059,20.5063279125835
14.013873632066,0.992409003327151,35.864139417021
1.48093671537936,0.995965341119655,12.9300670394915
10.6139153288677,-0.928048016211214,26.8051696117871
